published_jst,title,source,link,summary_en_or_original,summary_ja
2026-04-14 22:53:48 JST,SAP Stock Is Down 38% in 6 Months. Here’s What Could Drive 18% Annual Returns - TIKR.com,TIKR.com,https://news.google.com/rss/articles/CBMipgFBVV95cUxPMU5MbHd6UExocFQ1WGE2M0RkTGFPcjlyemZJeVVQWmhWRzRhTmhaVFZJaENSRTFjbGMwd2VQeWZaWE1lRUZSczZ3S253eEY1Y3pBR3NJWG9iejU1bG44emdKZUQta1NLeDV3QmltMnJSYnFXb2ZLUExndXpvM01ubVRad0RWS1laU3hNdS1SRlRQNVI2MzIxa2lqYnZxSVBxT1RIaHh3?oc=5,SAP Stock Is Down 38% in 6 Months. Here’s What Could Drive 18% Annual Returns TIKR.com,"要約生成エラー: Error code: 429 - {'error': {'message': 'You exceeded your current quota, please check your plan and billing details. For more information on this error, read the docs: https://platform.openai.com/docs/guides/error-codes/api-errors.', 'type': 'insufficient_quota', 'param': None, 'code': 'insufficient_quota'}}"
2026-04-14 22:53:47 JST,SAP Stock Is Down 38% in 6 Months. Here’s What Could Drive 18% Annual Returns - TIKR.com,TIKR.com,https://news.google.com/rss/articles/CBMioAFBVV95cUxNanFNc2NoblVDbDNiaGVteTVyNHJkZDRva2FHQzVRY1dLSkdWRWVOdFh5eUZaWDRxWXItOXM2VmVGWmZrNGRFbExaOEY3cEVjLXdLSGJkRlNTWWtzTjhJNzF4ZFpSOFQ4X25tNFhkbFlhRFJlWjI3ekVobkl5WHRlcVFPcjA3Wm9zaTdIYlhITTRfNC1iX2NPUnU1V25heEVf?oc=5,SAP Stock Is Down 38% in 6 Months. Here’s What Could Drive 18% Annual Returns TIKR.com,"要約生成エラー: Error code: 429 - {'error': {'message': 'You exceeded your current quota, please check your plan and billing details. For more information on this error, read the docs: https://platform.openai.com/docs/guides/error-codes/api-errors.', 'type': 'insufficient_quota', 'param': None, 'code': 'insufficient_quota'}}"
2026-04-14 22:41:35 JST,Here’s What Boosts SAP SE’s (SAP) Growth and Reduces Costs - Insider Monkey,Insider Monkey,https://news.google.com/rss/articles/CBMinwFBVV95cUxQdmxqaFViQkdOV3RUM3l4UWFoNVduUGowXzlRcy1GSGhnQURNekpMMmVucXQzVEpMTUs0LU1SUzNiZ0gzSG9oWkh4YjVUQWFLcnRaNG10aHgyQnQwaEJiUFVkcnBhbTgzSUJVX2EtMlpiTW9DNjNaQ3Y1M0VqVkN5dXZxN2pzeTZwYWl6Ym5CeldfaHdkYW85NjJXLWJVTWfSAacBQVVfeXFMT0Vlc1FReWg0amoycy0yVmhtbS1JUW9DVVF4VU1hQTI5LUo5UzNoU3A0LWgxcmEyeWM5emxOTXFNbEpqRjJzVi1MaXZtbXZJYmotRXkxNjBMRVNjX3JteDZBWEZsVXZMc3dISjJpNUFqSVM0aFpvZFhqTUd5NHhYZkh0aDRYRG9XcW04UkFURVdyWUFhRU9xeXlzZTR4Y0ZidlkxR2I2SVk?oc=5,Here’s What Boosts SAP SE’s (SAP) Growth and Reduces Costs Insider Monkey,"要約生成エラー: Error code: 429 - {'error': {'message': 'You exceeded your current quota, please check your plan and billing details. For more information on this error, read the docs: https://platform.openai.com/docs/guides/error-codes/api-errors.', 'type': 'insufficient_quota', 'param': None, 'code': 'insufficient_quota'}}"
2026-04-14 22:28:32 JST,"Hotel PMS Software Market to Witness Stunning Growth| Major Giants Oracle Hospitality, SAP, Amadeus - openPR.com",openPR.com,https://news.google.com/rss/articles/CBMimgFBVV95cUxQQmp0LXFWUXItSjktWlFmT0pqYzJpZ1kyTGNLMlNidHlPYzM2Y2lGeWx3cXJtUHFRMjNzOVJiNHA4WEE4YlpybmdtMDN0eXNEbTdNQW1YLUp2SFRBNGlDdUpIYTFFbDB1cmRYZy0yUnZrQ3Q1WGMwSVYtR1BuU2ota3FYS0NNWFBZeGFONjY1S0NGOTc2UkYtU2RB?oc=5,"Hotel PMS Software Market to Witness Stunning Growth| Major Giants Oracle Hospitality, SAP, Amadeus openPR.com","要約生成エラー: Error code: 429 - {'error': {'message': 'You exceeded your current quota, please check your plan and billing details. For more information on this error, read the docs: https://platform.openai.com/docs/guides/error-codes/api-errors.', 'type': 'insufficient_quota', 'param': None, 'code': 'insufficient_quota'}}"
2026-04-14 22:21:04 JST,LeverX Showcases AI and Agentic Innovation at SAP Sapphire 2026 - National Today,National Today,https://news.google.com/rss/articles/CBMivAFBVV95cUxNNzZsbVhaSzFFb0hPMWYtNkVucHJaaXVqbFc3UXljQU8yb0pjanlhQWtwdk1RSDdINDFjWW94VUNRQWc5RTA4OF84dVljWkxPTjVCM2wydFNtTE9iZzhEbktCNTFVU3FudEF0SllEV2RhQnFybDlKYTY4QWRDR21KRU5HR2xER1ROMUV1LUZFNzBDWlFMQUtEcjJnbmpsWHJUUlAtWUU4WG5qcm8wNmNSZHo4Si1jN2w5LVRidQ?oc=5,LeverX Showcases AI and Agentic Innovation at SAP Sapphire 2026 National Today,"要約生成エラー: Error code: 429 - {'error': {'message': 'You exceeded your current quota, please check your plan and billing details. For more information on this error, read the docs: https://platform.openai.com/docs/guides/error-codes/api-errors.', 'type': 'insufficient_quota', 'param': None, 'code': 'insufficient_quota'}}"
2026-04-14 22:00:00 JST,Native Payments Integration from BlueSnap Is Certified as Integrated with Cloud Solutions from SAP® - Business Wire,Business Wire,https://news.google.com/rss/articles/CBMi6wFBVV95cUxPcmsxQ3RzWWFUcFpWZUxBUFJZZ0ZURWtNLTY3dmdyZHVlMnBReU9xTE1FVHhmWHVGSWp2TzFmVHY5ZUt6S1pYVEduOHUweVE2Szl5d0ZUZXpVOWhOeFM1MnNfcWtZdE9WYzE1TkFveXRSR0xMNF9uZmhnVE45RVVCTE4xMnppb3FCNXpuX1AtQlpDTEVOanRmSUtEVXVaamIwdW9aemx2MWZEcVA1VlFrS3lVcFB5UW1penpoSjc5NWVZZ3Bvb09ITUVYSmVIdU1KTXViNzMzZ2trZkdnSGNBazVYQUI5T1FROW1B?oc=5,Native Payments Integration from BlueSnap Is Certified as Integrated with Cloud Solutions from SAP® Business Wire,"要約生成エラー: Error code: 429 - {'error': {'message': 'You exceeded your current quota, please check your plan and billing details. For more information on this error, read the docs: https://platform.openai.com/docs/guides/error-codes/api-errors.', 'type': 'insufficient_quota', 'param': None, 'code': 'insufficient_quota'}}"
2026-04-14 21:53:26 JST,European software stocks face AI concerns ahead of Q1 results By Investing.com - Investing.com India,Investing.com India,https://news.google.com/rss/articles/CBMiuAFBVV95cUxNcTkyTzhjX2xVR3Q3LVZ2S1pEdVF4Q1VPcEV5RzBTSkctME03bmpReTJ6dzNJTERNZjVyNnFzZ0ZrdURyb3lXUXhFMF9mUXlTSUxHVGJXWWdYWGI2MlhJbm5SRjE0c1BXbFVBNGgtRUNqZHZGcjYxcnhaVjJ1c0UzWWgxc0FGM1oxVXhTYzJ5Q3JPaDJUZ3VsUnRBb29SalBmdlJ6eFJpSzhkT0JCRFFRN01uSThmS0hC?oc=5,European software stocks face AI concerns ahead of Q1 results By Investing.com Investing.com India,"要約生成エラー: Error code: 429 - {'error': {'message': 'You exceeded your current quota, please check your plan and billing details. For more information on this error, read the docs: https://platform.openai.com/docs/guides/error-codes/api-errors.', 'type': 'insufficient_quota', 'param': None, 'code': 'insufficient_quota'}}"
2026-04-14 21:42:38 JST,"SAP, Asana, monday.com downgraded by Piper Sandler (SAP:NYSE) - Seeking Alpha",Seeking Alpha,https://news.google.com/rss/articles/CBMijwFBVV95cUxQVjRvSXptT01pQVNweEFqb1FOYklxX1BtN2t1S2NYYzlkay1PSXVzSk5reDhLemlaTHlaNl9EQWQtSUlyLU95bVNtM0p1VWVNZjRyTGFuR2xILXBBcmJOM2VNTmJoQzhORlVpcnBUVmNmdkI5OXczcm9DVDJucm0ycUx2UWYtdHJwazNmY2FvOA?oc=5,"SAP, Asana, monday.com downgraded by Piper Sandler (SAP:NYSE) Seeking Alpha","要約生成エラー: Error code: 429 - {'error': {'message': 'You exceeded your current quota, please check your plan and billing details. For more information on this error, read the docs: https://platform.openai.com/docs/guides/error-codes/api-errors.', 'type': 'insufficient_quota', 'param': None, 'code': 'insufficient_quota'}}"
2026-04-14 21:38:22 JST,Mar Vista U.S. Quality Strategy Sold SAP SE (SAP) Due to the Increased Risk of AI Disruption - Yahoo Finance,Yahoo Finance,https://news.google.com/rss/articles/CBMimAFBVV95cUxOSHF6YzliMldHWVZjSzJiczZTVXkyQVRCNnlucjVOQWN4aU5zVzdNekhrMU1jdUx0bnZXMVM1OXc2NWl2ajQ1eVN1a3dmaHpSbGZ4TS1iTUotTEtPYWZTd29JX3lhbmNXVXNKbnV3ZDROZVBVZDNyVWt1UGJtR0tzam5DSUpzc0hMTXpYWkxsb29wU2ctT2FWQg?oc=5,Mar Vista U.S. Quality Strategy Sold SAP SE (SAP) Due to the Increased Risk of AI Disruption Yahoo Finance,"要約生成エラー: Error code: 429 - {'error': {'message': 'You exceeded your current quota, please check your plan and billing details. For more information on this error, read the docs: https://platform.openai.com/docs/guides/error-codes/api-errors.', 'type': 'insufficient_quota', 'param': None, 'code': 'insufficient_quota'}}"
2026-04-14 20:21:12 JST,SAP Patches Critical ABAP Vulnerability - SecurityWeek,SecurityWeek,https://news.google.com/rss/articles/CBMieEFVX3lxTE5obk1KZjFoaXNqSlNTRkFVM2FQXy0tX0ZFT0hodWxTS1FIOUdvSEZYS2JESTR3RU1xOWI1NWUxVGxZMEJkcnAxSXdyT1ZaYU9yMWRKemluTzdCdUtnQmF6amg4S0wtSXQwQ0VQTXNnQzY2WkpsdE9ZYtIBfkFVX3lxTE5iU1RsUjQ0TFp1TWpEMzZsYnZTMnp4Z2lkOHRsQ1NrRzh6aU9lX1lMYUxra0lsOFJWMnZOeU53RjctaGJsdUJaNG5YN09MR0c4U0pPVVh2U05jNWVyS0lrd0NUSDFHaHVoVndfOUlZX0xJamNSMDhsWjh4S2xfdw?oc=5,SAP Patches Critical ABAP Vulnerability SecurityWeek,"要約生成エラー: Error code: 429 - {'error': {'message': 'You exceeded your current quota, please check your plan and billing details. For more information on this error, read the docs: https://platform.openai.com/docs/guides/error-codes/api-errors.', 'type': 'insufficient_quota', 'param': None, 'code': 'insufficient_quota'}}"
2026-04-14 20:20:32 JST,From Readiness to Resilience: Honoring the 2026 SAP Innovation Award Winners - SAP News Center,SAP News Center,https://news.google.com/rss/articles/CBMifEFVX3lxTE4tMVp3emZVS3F6UlBLa3FxQjlPS3ZoemM4ZjBUejBOdmpSUE55ZkxlcXFtbzJtZC00YWkzX1dzQllUOE1IQ1dGdmZyWlg1VWR3Tkt4TkgwS3hFN1dkR2NtX0haRGxhWjZOSnowSnhETGF4WEs3Y3NlZnBsdnk?oc=5,From Readiness to Resilience: Honoring the 2026 SAP Innovation Award Winners SAP News Center,"要約生成エラー: Error code: 429 - {'error': {'message': 'You exceeded your current quota, please check your plan and billing details. For more information on this error, read the docs: https://platform.openai.com/docs/guides/error-codes/api-errors.', 'type': 'insufficient_quota', 'param': None, 'code': 'insufficient_quota'}}"
2026-04-14 20:15:00 JST,From Readiness to Resilience: Honoring the 2026 SAP Innovation Award Winners,news.sap.com,https://news.sap.com/2026/04/honoring-2026-sap-innovation-award-winners/,"Meet the 19 winners of the 2026 SAP Innovation Awards and learn how they are strengthening resilience by combining digital sovereignty, AI, and cloud-based business transformation.","要約生成エラー: Error code: 429 - {'error': {'message': 'You exceeded your current quota, please check your plan and billing details. For more information on this error, read the docs: https://platform.openai.com/docs/guides/error-codes/api-errors.', 'type': 'insufficient_quota', 'param': None, 'code': 'insufficient_quota'}}"
2026-04-14 19:20:32 JST,SAP Business AI: Release Highlights Q1 2026 - SAP News Center,SAP News Center,https://news.google.com/rss/articles/CBMifEFVX3lxTE9FbXdWNFhGX09WcDBkRTdkV0ZQdFF5YXcydmNLVmttUUNwWUtjUHZHbk1jT04zWHN2MzlwcGRuZUYwbVB4Y01ybHVPTjBkUUo1NU41X2lncHNnelRFZ1BQZ0taT05rWHZhZ0t6dFhuU3lXRmNhRm93Z3hXalA?oc=5,SAP Business AI: Release Highlights Q1 2026 SAP News Center,"要約生成エラー: Error code: 429 - {'error': {'message': 'You exceeded your current quota, please check your plan and billing details. For more information on this error, read the docs: https://platform.openai.com/docs/guides/error-codes/api-errors.', 'type': 'insufficient_quota', 'param': None, 'code': 'insufficient_quota'}}"
2026-04-14 19:15:00 JST,SAP Business AI: Release Highlights Q1 2026,news.sap.com,https://news.sap.com/2026/04/sap-business-ai-release-highlights-q1-2026/,SAP continues to help customers get real value from AI.,"要約生成エラー: Error code: 429 - {'error': {'message': 'You exceeded your current quota, please check your plan and billing details. For more information on this error, read the docs: https://platform.openai.com/docs/guides/error-codes/api-errors.', 'type': 'insufficient_quota', 'param': None, 'code': 'insufficient_quota'}}"
2026-04-14 18:45:33 JST,Finance returns to SAP for post-GovERP upgrade - InnovationAus.com,InnovationAus.com,https://news.google.com/rss/articles/CBMigwFBVV95cUxNQ0toR3FJNk1IUW9Md2RyUE5UNFRCSllwUzZ5LWNXUnVRd2ZNbzZaWkI3dWhTdWVPdGZrZDFNY0pQRFFWTzhwRm04MENaRnpyNWdDbU4yWGdaMFhJeDNUaC0wTEVIQUNfQ0NiTnlHN3hLbzNHOVhGcmJLeXg1WWdpTjJWNA?oc=5,Finance returns to SAP for post-GovERP upgrade InnovationAus.com,"要約生成エラー: Error code: 429 - {'error': {'message': 'You exceeded your current quota, please check your plan and billing details. For more information on this error, read the docs: https://platform.openai.com/docs/guides/error-codes/api-errors.', 'type': 'insufficient_quota', 'param': None, 'code': 'insufficient_quota'}}"
2026-04-14 18:31:08 JST,SAP's Leadership Lock-In Amid a Market Rout - AD HOC NEWS,AD HOC NEWS,https://news.google.com/rss/articles/CBMingFBVV95cUxOSWlzUkZKQXdyem1xUF9DTjJkbndBNHB2V2lBY0RaWHY4dzhSWlcxa3MtX2xTeWhTcUZGSXJRLUNNQ3V6Tm9UZGl6UkJCbnJZNGFNRjd0Mjh0N3hWUkt5Y1BUNUV6VXhfd3JPSTVVR2xwRVZMYUVYTmJDSW9sblFIY3hoRVNKT0pkV1lFWDRQUjYxQWNHUXBvUlRaX1lIQQ?oc=5,SAP's Leadership Lock-In Amid a Market Rout AD HOC NEWS,"要約生成エラー: Error code: 429 - {'error': {'message': 'You exceeded your current quota, please check your plan and billing details. For more information on this error, read the docs: https://platform.openai.com/docs/guides/error-codes/api-errors.', 'type': 'insufficient_quota', 'param': None, 'code': 'insufficient_quota'}}"
2026-04-14 18:22:41 JST,What Does Gina Vargiu-Breuer’s Contract Renewal Mean for SAP’s AI Strategy? - UC Today,UC Today,https://news.google.com/rss/articles/CBMiuAFBVV95cUxQTE13RWtFd1AzMWpua3FteXlnSzBnMGJHbFRBYXF0YzlVUlJGQ2gtQnMwZVZ0VUhiN1hCWWRpOW1NR0U3QnFIYkZJOTRiLU9JOEEtQzFRWXJPY3dYLVVwMEdmVjd5bVFvME5jOUx6QUNDNEpXZ09hQy1iUk85R0EwSUZ6bTdHbzRZVnpHT1QyRXdJWk5keEF6WFFxdHMtWEttSHlCbGJTbm9nZ3o5RmQ2SVBwNFp0RzVZ?oc=5,What Does Gina Vargiu-Breuer’s Contract Renewal Mean for SAP’s AI Strategy? UC Today,"要約生成エラー: Error code: 429 - {'error': {'message': 'You exceeded your current quota, please check your plan and billing details. For more information on this error, read the docs: https://platform.openai.com/docs/guides/error-codes/api-errors.', 'type': 'insufficient_quota', 'param': None, 'code': 'insufficient_quota'}}"
2026-04-14 17:01:00 JST,パイパー・サンドラー、クラウド移行の遅れを理由にSAP株を格下げ 執筆 - Investing.com - FX | 株式市場 | ファイナンス | 金融ニュース,Investing.com - FX | 株式市場 | ファイナンス | 金融ニュース,https://news.google.com/rss/articles/CBMidEFVX3lxTFBZLXFNZzJwUGNuUjM3b1hzUnVGeDEtb0ZDbXpyeTV6TkFOMFVUaGtFR2tKaVZFdkFyUHYxWHFQRmxOZi1DOGlMNGRfNGR2TmJfaUJLNHhMaXc0akF6RDYzZS1paHZpTG14amdfUDJRVEFlcHN6?oc=5,パイパー・サンドラー、クラウド移行の遅れを理由にSAP株を格下げ 執筆 Investing.com - FX | 株式市場 | ファイナンス | 金融ニュース,"要約生成エラー: Error code: 429 - {'error': {'message': 'You exceeded your current quota, please check your plan and billing details. For more information on this error, read the docs: https://platform.openai.com/docs/guides/error-codes/api-errors.', 'type': 'insufficient_quota', 'param': None, 'code': 'insufficient_quota'}}"
2026-04-14 16:59:38 JST,SAP SE stock (DE0007164600): Is cloud momentum strong enough to drive U.S. investor upside? - AD HOC NEWS,AD HOC NEWS,https://news.google.com/rss/articles/CBMiwgFBVV95cUxNVjR1R1dxVFZVRlBZcjFGVUFsLXdQMThiQjNhRDVsakh3SlRFWDNUTFUycDd5SHFlZk51SnNKc3ZRNnkweXhpSTlJZWxGeEhiSHZhYXVuVGFnVE1ET05mOWpJUmhTUHdlOGJRNXZwLWdyYWdtNEgwU3NHNlpobUQ4bHh5MW1USHNfNEVMcjQwb2hLMHF3ZjU3VFFHNXdCYkhxM096SHV5UVZDcDRYT25aNW5OdjV4ZTZLaEdSdTBpQWdlUQ?oc=5,SAP SE stock (DE0007164600): Is cloud momentum strong enough to drive U.S. investor upside? AD HOC NEWS,"要約生成エラー: Error code: 429 - {'error': {'message': 'You exceeded your current quota, please check your plan and billing details. For more information on this error, read the docs: https://platform.openai.com/docs/guides/error-codes/api-errors.', 'type': 'insufficient_quota', 'param': None, 'code': 'insufficient_quota'}}"
2026-04-14 15:31:11 JST,SAP's Strategic Bet on Data Amid a Market in Panic - AD HOC NEWS,AD HOC NEWS,https://news.google.com/rss/articles/CBMirgFBVV95cUxPXzRRTUxaZkoyUy1qd3RjeTVLaVBEVW0zdlVrUm9va3NITE5DUmhxbU8tTTNZazBobElhOTdyYU9ZQWFfMTMtWDNmT1luRDBrSmluYjE5VzZYQVRadlB2TldUdzFJN0dSbkFDUFpmM2xtUEV2UDNMZjFOekVTSVhnY25NZnpWSVVoWHo5TDRFT1k3OFF4NnhOSDZ2cG1lNTRTNnRoWTRzT0JQb1dXV0E?oc=5,SAP's Strategic Bet on Data Amid a Market in Panic AD HOC NEWS,"要約生成エラー: Error code: 429 - {'error': {'message': 'You exceeded your current quota, please check your plan and billing details. For more information on this error, read the docs: https://platform.openai.com/docs/guides/error-codes/api-errors.', 'type': 'insufficient_quota', 'param': None, 'code': 'insufficient_quota'}}"
2026-04-14 14:40:00 JST,"100% Gain Potential? SAP CEO Issues Warning! Aspermont, with Its Moat & Reset, and Snowflake Could Offer Significant Upside - news.financial",news.financial,https://news.google.com/rss/articles/CBMi7gFBVV95cUxPTV8tc1dPcWE0RndfRFBVOTBmMzJiNktpQ2F1dEpUMEUzc2tJN3NWdFBrcEpGczAxSXdOY2lkQVhEZUVCZ3JmTkRHU001RWJBNm9VXzc4UmJBOEpjbW1QcUFEdFNrSXctLTVzbHY3WXdlWjBpQVgwb3dBU0VmcWpmS1VISldSOGN3SnZ4M1haSG9MS0pYYXZ2bWJFZFhGN3RMNkFQQ1VkNmdPd3lhQ29DM1NWMDhXanFHMFVLbE5heUk0UzZudHlTQk5CRVVTcWNqcDZvRlBtdHlTY2c3dHBRZGJoek8yQ2x5VWlhSWN3?oc=5,"100% Gain Potential? SAP CEO Issues Warning! Aspermont, with Its Moat & Reset, and Snowflake Could Offer Significant Upside news.financial","要約生成エラー: Error code: 429 - {'error': {'message': 'You exceeded your current quota, please check your plan and billing details. For more information on this error, read the docs: https://platform.openai.com/docs/guides/error-codes/api-errors.', 'type': 'insufficient_quota', 'param': None, 'code': 'insufficient_quota'}}"
2026-04-14 13:59:33 JST,SAP SE stock (DE0007164600): Is cloud momentum strong enough to drive U.S. investor upside? - AD HOC NEWS,AD HOC NEWS,https://news.google.com/rss/articles/CBMiwgFBVV95cUxOV0dScWI0TTFuMWRvM3dKc2tuQXNkaU5jODdfRFBXVGw0NlpHUTJzblhnNEVXOVduM2ZZRGJFNS1mV21xUkFWUk5NLWZUcGt2MUl6SUhpSURUaE9PUml3Z3JMc18yaV9TemxsUlRWY2N4UHFOLWZiVUIwNTgtTDRBeDNHT0xsV0VXZE9UV0tHM3pjN2J2RzF0YUR5MkphcU9Ha19JOXU4YmJnaDZuTUhIWUI5YThzQ0UwUzR4dDhVTk9LQQ?oc=5,SAP SE stock (DE0007164600): Is cloud momentum strong enough to drive U.S. investor upside? AD HOC NEWS,"要約生成エラー: Error code: 429 - {'error': {'message': 'You exceeded your current quota, please check your plan and billing details. For more information on this error, read the docs: https://platform.openai.com/docs/guides/error-codes/api-errors.', 'type': 'insufficient_quota', 'param': None, 'code': 'insufficient_quota'}}"
2026-04-14 11:17:11 JST,Discovery Consulting boosts SAP go-to-market with Jamie Neave - ARNnet,ARNnet,https://news.google.com/rss/articles/CBMirAFBVV95cUxPR1dVR2g5NHh6aVdLeHNBMnc4bThhRHY4b3hYeGR2QUkxLV9qNXBFbWdMS2lEZF9SdE5xNzZISUxmZzdmQTVMRFdzZlRieVN3MWVlUGNIT3BYNkwwMHY1SUlzdnhjb1l6TXBTeGVvTFhpNC1EcG5DNnBHOTQyeWFCZVRmNWR6Nm9wXzMtQjdCXzJqU0huWlU3aW9qMHh4QjViVDVSM3c3aUF6Z3Vv?oc=5,Discovery Consulting boosts SAP go-to-market with Jamie Neave ARNnet,"要約生成エラー: Error code: 429 - {'error': {'message': 'You exceeded your current quota, please check your plan and billing details. For more information on this error, read the docs: https://platform.openai.com/docs/guides/error-codes/api-errors.', 'type': 'insufficient_quota', 'param': None, 'code': 'insufficient_quota'}}"
2026-04-14 09:14:21 JST,大手証券の格付け｜Piper Sandler：SAPの目標株価を170ユーロに引き下げ、格付けを「中立」に引き下げ - Bitget,Bitget,https://news.google.com/rss/articles/CBMiYkFVX3lxTE02OTYyQmdNWWFmaktvX2JZRTY2bmF3MDJuNF9rMlRhM1JWbnpsbUVLVnItZmstb2pKMDE0MlBJZ0hQd1V2ckV0azJzRXp4LVVla3pVRjhnbXd6clJ5ODBhUEFR0gFnQVVfeXFMTUtmbVhCT3FNdHVrTmpoV0pmc05KYTlEU1dIT1FaVlhxUUlWRFBBNXAxY0FBTFJwREtzWTNVNGRlUnkybzY5UnNlZGdqcXFTYno0aEpiN3lzVXVhZjhmcFl6bFotdkFMSQ?oc=5,大手証券の格付け｜Piper Sandler：SAPの目標株価を170ユーロに引き下げ、格付けを「中立」に引き下げ Bitget,"要約生成エラー: Error code: 429 - {'error': {'message': 'You exceeded your current quota, please check your plan and billing details. For more information on this error, read the docs: https://platform.openai.com/docs/guides/error-codes/api-errors.', 'type': 'insufficient_quota', 'param': None, 'code': 'insufficient_quota'}}"
2026-04-14 08:11:36 JST,SAP SE stock (DE0007164600): Is cloud growth strong enough to unlock new upside? - AD HOC NEWS,AD HOC NEWS,https://news.google.com/rss/articles/CBMixwFBVV95cUxQekZReXB0SDVDbkF2QndmSWlTcERnVGFRbXpJc2ZHUkVWWGxsZHNTdldnSWRuVHhWWFEwSHJZQ3RUbXYwaGF5cjZLX0k5eUl5TmNMQTlzT1ZNcExJV0lRNzZieU80d0ZsM1dfLVlfNE9mUTYzX29yb3pkbW9jN05DTVVxSjBkNWJyVTFxUlBST3dnRjdhSk10a0pkMXJRdlFZdk1JM2FRckQxXzFINy1SNTFZNUtkaE1PSjkwSHg5Qk8xRi1udmZr?oc=5,SAP SE stock (DE0007164600): Is cloud growth strong enough to unlock new upside? AD HOC NEWS,"要約生成エラー: Error code: 429 - {'error': {'message': 'You exceeded your current quota, please check your plan and billing details. For more information on this error, read the docs: https://platform.openai.com/docs/guides/error-codes/api-errors.', 'type': 'insufficient_quota', 'param': None, 'code': 'insufficient_quota'}}"
2026-04-14 06:19:34 JST,A Look at SAP SE (SAP) After 4.0% Gain -- GF Value $252.39 vs Price $169.57 - GuruFocus,GuruFocus,https://news.google.com/rss/articles/CBMiT0FVX3lxTE1CVjBWS1NaN1B4ZDh0RFd2aU0zZVY2R3A2OFUzX2hCQlZpaThPQ2JnTER6eDJ6NEQxd1JqclNOMlJhazR3STgzMi1ZN0dhVDQ?oc=5,A Look at SAP SE (SAP) After 4.0% Gain -- GF Value $252.39 vs Price $169.57 GuruFocus,"要約生成エラー: Error code: 429 - {'error': {'message': 'You exceeded your current quota, please check your plan and billing details. For more information on this error, read the docs: https://platform.openai.com/docs/guides/error-codes/api-errors.', 'type': 'insufficient_quota', 'param': None, 'code': 'insufficient_quota'}}"
2026-04-14 05:00:00 JST,SAPクラウド移行で直面する「ブラックボックス化」 Siemens子会社に学ぶ回避策：マネージドSAPの制約から抜け出す - ITmedia,ITmedia,https://news.google.com/rss/articles/CBMibEFVX3lxTE5lRGZ1THRTc1hJSGF3a1NadlU3eGlTUzVVSGRBQnMyem54OWZrQjZTUXRySGNmQ1FCcWk0bnF6X0VDeFdlR0htMUw0Nm9UeDY3cDI0MEg3LVlfZ3k5d2JnbWRGS0F4X0xRN2FRVQ?oc=5,SAPクラウド移行で直面する「ブラックボックス化」 Siemens子会社に学ぶ回避策：マネージドSAPの制約から抜け出す ITmedia,"要約生成エラー: Error code: 429 - {'error': {'message': 'You exceeded your current quota, please check your plan and billing details. For more information on this error, read the docs: https://platform.openai.com/docs/guides/error-codes/api-errors.', 'type': 'insufficient_quota', 'param': None, 'code': 'insufficient_quota'}}"
2026-04-14 04:51:00 JST,Oracle Surges 11% as Software Stocks Shake Off AI Fears - The Tech Buzz,The Tech Buzz,https://news.google.com/rss/articles/CBMikAFBVV95cUxPRXlIQ3FRcDJ3Um9KSC1zR1A5RVJzeWpkRVJKbUh0SlBGRTBkTUlwT2pKdWR6M3RVbjl2X0dOeFl3THNpZUF6RXZxUW9pcTY0a3JrUnJ6dGs2TUdycnN3WmxHVk9MM1RFNjNwYVBqV0RpWDVYQ3l5MFlWQXF0WWV3VEFMWWV3bkVnQVdjOURlMk4?oc=5,Oracle Surges 11% as Software Stocks Shake Off AI Fears The Tech Buzz,"要約生成エラー: Error code: 429 - {'error': {'message': 'You exceeded your current quota, please check your plan and billing details. For more information on this error, read the docs: https://platform.openai.com/docs/guides/error-codes/api-errors.', 'type': 'insufficient_quota', 'param': None, 'code': 'insufficient_quota'}}"
2026-04-14 04:19:16 JST,SAP SE stock (DE0007164600): Is cloud growth strong enough to unlock new upside? - AD HOC NEWS,AD HOC NEWS,https://news.google.com/rss/articles/CBMixwFBVV95cUxNaUpKN0ZGenVPTmVXUjdRNXV0S1BxZUxleUczVXVrakZOVVBqZVNFREhpNXZENFozTUktMGtIZlJoanhsWmVYQy1uSk1nMDFvdXlkb004T2pxQjRoNlJuZFFGRWQ0ZUJwQ1hySFJxX0txLVR3V0tabVczWTh5dnBqbHZKYVM0aWVTX24ydEVLa0FoMWlwaFhRSDROTjJzU2pQQWVyaTFsOWI2SmhkQTM4VWIwbHliY2RkOXd4dFQtaU0zUXNpTHVz?oc=5,SAP SE stock (DE0007164600): Is cloud growth strong enough to unlock new upside? AD HOC NEWS,"要約生成エラー: Error code: 429 - {'error': {'message': 'You exceeded your current quota, please check your plan and billing details. For more information on this error, read the docs: https://platform.openai.com/docs/guides/error-codes/api-errors.', 'type': 'insufficient_quota', 'param': None, 'code': 'insufficient_quota'}}"
2026-04-14 02:38:24 JST,SAP.DE stock gains 2.15% on XETRA: AI-driven enterprise software outlook - Meyka,Meyka,https://news.google.com/rss/articles/CBMingFBVV95cUxNVVczMlJfV2g2bjF6MW5LMzZYZDM4ZjZKNF82WmxnQzQySWJYMU5kVGpxQVRXc3dhanBkWmk0NmJMQmZlYi1wbk1iZUVxVE55cExyaThzMXRuaUJYZjBDWDdJYklvczRUaGFYRnNSZ1NuU2NMVl9HdFJEbmc3N0JOTFVCZHJPWWFTMWZQdzFyY01vb2tiLTdJaUxXV09jUQ?oc=5,SAP.DE stock gains 2.15% on XETRA: AI-driven enterprise software outlook Meyka,"要約生成エラー: Error code: 429 - {'error': {'message': 'You exceeded your current quota, please check your plan and billing details. For more information on this error, read the docs: https://platform.openai.com/docs/guides/error-codes/api-errors.', 'type': 'insufficient_quota', 'param': None, 'code': 'insufficient_quota'}}"
